{
	"info": {
		"_postman_id": "e2d9d2d2-7e9d-44ed-a10a-4cc403372942",
		"name": "Account",
		"schema": "https://schema.getpostman.com/json/collection/v2.1.0/collection.json"
	},
	"item": [
		{
			"name": "Create Account",
			"request": {
				"method": "POST",
				"header": [],
				"body": {
					"mode": "raw",
					"raw": "{\r\n    \r\n    \"customerNumber\" : \"7897666\",\r\n    \"accountNumber\": \"679999000\",\r\n    \"date\": \"2020/02/22\",\r\n    \"rib\": \"234567876\", \r\n    \"iban\": \"34587777\",\r\n    \"balance\": \"4000\"\r\n}",
					"options": {
						"raw": {
							"language": "json"
						}
					}
				},
				"url": {
					"raw": "http://localhost:8081/accounts/create",
					"protocol": "http",
					"host": [
						"localhost"
					],
					"port": "8081",
					"path": [
						"accounts",
						"create"
					]
				}
			},
			"response": []
		},
		{
			"name": "Operations",
			"request": {
				"method": "POST",
				"header": [],
				"url": {
					"raw": "http://localhost:8081/accounts/operations",
					"protocol": "http",
					"host": [
						"localhost"
					],
					"port": "8081",
					"path": [
						"accounts",
						"operations"
					]
				}
			},
			"response": []
		},
		{
			"name": "deposit",
			"request": {
				"method": "POST",
				"header": [],
				"body": {
					"mode": "raw",
					"raw": "{\r\n    \r\n \r\n    \"accountNumber\": \"679999000\",\r\n    \"ammount\": \"4000\"\r\n}",
					"options": {
						"raw": {
							"language": "json"
						}
					}
				},
				"url": {
					"raw": "http://localhost:8081/accounts/deposit",
					"protocol": "http",
					"host": [
						"localhost"
					],
					"port": "8081",
					"path": [
						"accounts",
						"deposit"
					]
				}
			},
			"response": []
		},
		{
			"name": "withdrawal",
			"request": {
				"method": "POST",
				"header": [],
				"body": {
					"mode": "raw",
					"raw": "{\r\n    \"accountNumber\": \"679999000\",\r\n    \"amount\": \"4000\"\r\n}",
					"options": {
						"raw": {
							"language": "json"
						}
					}
				},
				"url": {
					"raw": "http://localhost:8081/accounts/withdrawal",
					"protocol": "http",
					"host": [
						"localhost"
					],
					"port": "8081",
					"path": [
						"accounts",
						"withdrawal"
					]
				}
			},
			"response": []
		}
	]
}